yarn_tensile_strength,yarn_elongation_at_break,yarn_hairiness_index,twist_per_meter,yarn_linear_density_dtex,loom_rpm,loom_tension_variation,ambient_relative_humidity,ambient_temperature_c,weft_insertion_rate,defect_class,defect_name,is_anomaly
28.65,17.04,6.4,402.9,2187.9,641.4,23.5,43.8,29.7,528.9,1,OIL_STAIN,False
24.18,16.1,2.98,343.0,2096.3,663.4,21.48,65.6,21.1,511.8,3,BORDER_SEWING_DEFECT,False
24.52,16.3,7.63,434.8,2291.9,623.8,20.87,38.4,34.0,528.3,1,OIL_STAIN,False
26.08,14.96,4.52,317.6,1946.9,621.6,21.19,59.5,25.0,548.7,3,BORDER_SEWING_DEFECT,False
28.07,25.23,4.78,511.8,1805.3,822.2,81.74,34.9,27.1,693.1,-1,ANOMALOUS_NOISE,True
18.13,10.01,4.51,454.0,2329.3,602.3,40.51,62.9,22.0,505.4,0,YARN_BREAKAGE,False
27.2,21.03,7.42,434.7,2308.8,636.3,19.75,42.9,33.2,526.0,1,OIL_STAIN,False
21.61,13.93,7.0,432.4,2368.6,606.4,23.48,39.3,31.7,554.0,1,OIL_STAIN,False
13.8,7.17,3.92,429.7,2125.3,632.4,35.23,59.0,20.8,508.3,0,YARN_BREAKAGE,False
14.93,9.38,5.43,466.3,2098.8,621.4,40.63,61.2,20.7,550.2,0,YARN_BREAKAGE,False
15.72,8.17,5.65,430.6,2198.0,610.6,46.98,61.5,23.1,528.8,0,YARN_BREAKAGE,False
14.22,9.76,4.79,459.5,2341.8,646.3,44.37,52.6,26.3,495.0,0,YARN_BREAKAGE,False
24.68,15.76,4.19,323.0,1932.7,597.9,19.5,65.0,23.3,570.5,3,BORDER_SEWING_DEFECT,False
15.19,8.83,4.33,407.5,2219.4,612.5,40.56,60.1,25.1,531.3,0,YARN_BREAKAGE,False
24.57,11.23,3.32,315.0,1975.2,583.1,17.08,64.2,20.6,538.8,3,BORDER_SEWING_DEFECT,False
12.8,12.15,11.04,403.2,1721.9,738.1,84.42,51.0,35.7,738.7,-1,ANOMALOUS_NOISE,True
16.09,9.39,7.58,424.9,2261.2,580.9,47.98,66.5,21.7,589.9,0,YARN_BREAKAGE,False
27.48,16.34,3.27,442.7,2463.6,695.9,19.78,54.8,22.8,555.2,2,JACQUARD_PATTERN_SHIFT,False
26.24,16.95,8.33,406.3,2404.9,646.7,18.5,41.9,31.0,539.2,1,OIL_STAIN,False
25.07,18.04,4.75,458.6,2408.6,686.8,25.39,67.6,22.7,618.6,2,JACQUARD_PATTERN_SHIFT,False
28.18,15.5,7.49,490.3,2194.9,640.3,25.05,42.4,30.7,575.7,1,OIL_STAIN,False
23.08,15.06,4.68,446.8,2367.5,711.4,25.19,63.8,24.2,620.2,2,JACQUARD_PATTERN_SHIFT,False
22.99,14.22,3.41,346.8,1911.7,641.3,20.74,62.8,22.1,522.8,3,BORDER_SEWING_DEFECT,False
28.02,19.43,2.89,473.9,2558.7,761.4,22.67,56.7,26.4,669.5,2,JACQUARD_PATTERN_SHIFT,False
16.86,8.43,4.11,404.9,2156.6,595.6,42.24,71.2,22.4,558.5,0,YARN_BREAKAGE,False
21.65,15.06,4.85,316.5,1926.4,677.9,17.11,60.0,20.8,527.1,3,BORDER_SEWING_DEFECT,False
13.32,12.3,5.51,429.5,2211.4,592.9,42.06,60.5,21.8,535.3,0,YARN_BREAKAGE,False
24.82,18.04,5.18,439.9,2460.4,715.3,20.06,52.0,27.9,599.0,2,JACQUARD_PATTERN_SHIFT,False
30.59,17.85,3.86,449.0,2645.5,673.8,25.75,56.6,25.4,628.3,2,JACQUARD_PATTERN_SHIFT,False
11.02,13.58,4.19,409.8,2309.6,650.0,47.09,61.1,25.9,547.8,0,YARN_BREAKAGE,False
24.1,14.97,3.97,331.7,2026.1,553.2,17.79,51.6,24.0,515.2,3,BORDER_SEWING_DEFECT,False
24.05,23.01,6.89,413.4,2244.6,678.0,23.05,44.2,27.6,516.4,1,OIL_STAIN,False
29.15,17.34,3.98,470.7,2536.8,676.2,26.69,58.4,26.3,618.7,2,JACQUARD_PATTERN_SHIFT,False
28.2,13.02,7.57,430.9,2363.4,542.3,22.44,43.7,31.3,550.5,1,OIL_STAIN,False
24.51,13.45,3.0,312.0,1883.4,561.6,21.3,61.3,23.8,470.0,3,BORDER_SEWING_DEFECT,False
27.15,14.53,6.79,458.6,2258.0,640.0,17.87,43.3,31.5,568.6,1,OIL_STAIN,False
29.09,12.88,5.67,448.8,2507.3,704.3,25.37,57.3,25.3,632.5,2,JACQUARD_PATTERN_SHIFT,False
15.39,7.65,5.18,415.9,2215.6,589.8,36.82,63.1,23.1,508.1,0,YARN_BREAKAGE,False
24.6,18.49,6.84,428.9,2144.3,570.3,24.94,43.4,29.5,534.2,1,OIL_STAIN,False
28.48,19.0,5.07,429.6,2513.8,686.9,25.79,64.0,22.3,616.8,2,JACQUARD_PATTERN_SHIFT,False
16.64,10.74,4.87,410.8,2200.1,532.6,38.89,50.1,27.1,468.3,0,YARN_BREAKAGE,False
15.17,9.52,4.66,451.8,2266.1,618.2,37.56,54.4,22.5,511.4,0,YARN_BREAKAGE,False
7.48,5.89,3.75,649.6,1695.5,563.5,70.86,82.5,40.5,537.8,-1,ANOMALOUS_NOISE,True
12.88,10.21,3.98,413.1,2277.4,567.6,40.29,49.5,22.0,459.0,0,YARN_BREAKAGE,False
23.93,18.24,8.31,453.9,2413.2,559.7,21.73,46.0,33.1,555.0,1,OIL_STAIN,False
29.45,14.12,5.08,294.5,1882.9,600.0,20.26,64.1,25.4,515.7,3,BORDER_SEWING_DEFECT,False
30.43,20.99,7.71,405.8,2339.1,651.8,26.16,43.7,33.2,573.8,1,OIL_STAIN,False
30.1,18.38,3.62,458.3,2392.0,731.2,25.0,59.9,25.5,606.2,2,JACQUARD_PATTERN_SHIFT,False
24.06,16.4,3.7,318.6,1967.9,627.6,22.07,67.9,26.3,453.3,3,BORDER_SEWING_DEFECT,False
13.88,9.95,5.11,430.5,2160.1,636.4,42.52,63.5,20.5,533.4,0,YARN_BREAKAGE,False
15.18,9.1,4.56,484.7,2466.3,558.2,45.74,57.6,23.5,477.5,0,YARN_BREAKAGE,False
15.5,14.11,3.58,295.4,1972.5,604.9,19.01,72.4,22.8,526.4,3,BORDER_SEWING_DEFECT,False
15.99,7.38,4.79,409.3,2092.4,642.4,45.03,55.4,25.4,536.1,0,YARN_BREAKAGE,False
12.18,10.63,4.57,426.7,2225.4,636.3,42.9,57.7,25.6,530.8,0,YARN_BREAKAGE,False
25.74,17.09,4.91,306.9,1938.6,582.0,19.22,57.4,23.8,520.8,3,BORDER_SEWING_DEFECT,False
27.15,22.05,4.67,451.7,2386.3,717.0,24.29,59.7,25.1,643.6,2,JACQUARD_PATTERN_SHIFT,False
27.5,17.62,2.99,440.7,2437.6,719.3,26.04,63.9,20.0,636.6,2,JACQUARD_PATTERN_SHIFT,False
30.51,18.37,3.4,433.5,2581.7,734.9,19.31,58.9,23.2,608.8,2,JACQUARD_PATTERN_SHIFT,False
14.4,11.68,4.02,434.6,2244.9,637.0,49.01,56.8,23.9,452.3,0,YARN_BREAKAGE,False
17.96,7.89,5.77,376.9,2091.5,632.1,39.9,59.9,22.5,496.0,0,YARN_BREAKAGE,False
22.33,12.91,3.3,316.6,2025.3,612.4,20.03,62.5,20.2,507.2,3,BORDER_SEWING_DEFECT,False
28.09,19.77,7.54,453.4,2319.7,619.0,20.31,44.4,28.3,536.8,1,OIL_STAIN,False
15.22,12.79,5.37,399.6,2329.5,546.8,39.96,57.1,26.4,479.3,0,YARN_BREAKAGE,False
23.25,17.29,4.44,300.4,2043.2,552.7,19.71,61.6,22.6,478.5,3,BORDER_SEWING_DEFECT,False
26.23,17.26,6.52,405.7,2229.3,635.3,20.63,40.8,30.9,559.7,1,OIL_STAIN,False
29.26,15.03,3.3,304.5,1935.3,598.0,22.56,57.6,23.6,519.3,3,BORDER_SEWING_DEFECT,False
21.4,16.38,2.95,449.3,2426.6,685.1,26.54,59.8,22.8,638.8,2,JACQUARD_PATTERN_SHIFT,False
14.77,7.09,4.9,436.1,2054.6,628.5,40.96,54.9,21.3,544.5,0,YARN_BREAKAGE,False
22.15,16.84,7.22,399.7,2241.2,577.5,18.77,43.7,32.9,545.8,1,OIL_STAIN,False
20.19,13.64,3.83,313.5,1954.5,579.6,23.6,66.5,20.2,498.1,3,BORDER_SEWING_DEFECT,False
31.18,21.08,7.33,441.6,2156.4,612.0,28.56,39.7,31.8,602.2,1,OIL_STAIN,False
23.72,14.85,3.28,279.1,1969.4,513.4,21.31,58.3,23.0,511.5,3,BORDER_SEWING_DEFECT,False
29.18,18.85,4.49,441.6,2460.5,694.8,27.25,62.6,20.3,636.4,2,JACQUARD_PATTERN_SHIFT,False
27.72,17.36,3.73,463.2,2425.0,702.5,24.78,59.2,20.3,595.8,2,JACQUARD_PATTERN_SHIFT,False
15.14,11.6,5.05,409.5,2200.1,586.8,49.53,51.3,28.1,529.0,0,YARN_BREAKAGE,False
14.08,7.64,4.12,393.8,2249.3,630.2,31.21,58.9,24.1,479.2,0,YARN_BREAKAGE,False
26.12,13.58,3.87,460.7,2441.5,737.4,25.01,57.8,19.0,588.6,2,JACQUARD_PATTERN_SHIFT,False
14.34,7.63,5.18,475.8,2151.1,621.7,44.46,51.6,25.8,504.5,0,YARN_BREAKAGE,False
24.34,15.23,9.34,541.6,2211.2,642.3,69.68,39.8,13.3,516.9,-1,ANOMALOUS_NOISE,True
8.0,16.02,4.5,487.8,2424.9,574.6,67.61,44.5,44.3,431.6,-1,ANOMALOUS_NOISE,True
14.38,10.21,3.93,422.8,2137.2,594.9,41.9,58.9,24.4,538.7,0,YARN_BREAKAGE,False
14.59,12.64,6.34,583.2,2202.8,820.9,77.94,48.1,42.0,371.8,-1,ANOMALOUS_NOISE,True
13.91,10.38,4.12,404.8,2271.6,583.3,48.37,58.9,22.6,560.9,0,YARN_BREAKAGE,False
15.63,7.75,4.31,422.2,2229.3,575.8,44.9,58.8,25.3,530.6,0,YARN_BREAKAGE,False
14.86,10.73,5.81,435.6,2269.1,538.7,40.98,57.8,24.1,504.7,0,YARN_BREAKAGE,False
20.99,18.05,6.27,470.5,2305.3,563.1,19.04,41.8,31.9,554.9,1,OIL_STAIN,False
18.7,9.6,4.67,407.6,2056.9,551.8,48.12,53.1,21.7,581.4,0,YARN_BREAKAGE,False
13.38,9.16,6.21,411.0,2159.5,616.4,37.11,60.8,24.9,524.9,0,YARN_BREAKAGE,False
31.13,19.18,5.2,480.7,2345.6,708.4,25.84,60.8,25.3,690.3,2,JACQUARD_PATTERN_SHIFT,False
29.11,17.52,3.3,291.1,1955.1,635.9,23.05,59.8,23.3,476.9,3,BORDER_SEWING_DEFECT,False
21.05,19.74,5.53,326.5,1954.1,546.6,22.6,62.7,20.2,532.8,3,BORDER_SEWING_DEFECT,False
26.78,13.69,7.84,459.0,2448.1,596.1,20.76,36.6,33.2,520.4,1,OIL_STAIN,False
27.5,14.8,3.57,450.4,2500.6,675.6,22.89,61.1,23.3,632.1,2,JACQUARD_PATTERN_SHIFT,False
22.77,15.62,3.53,499.9,2597.1,682.9,22.13,61.1,24.3,592.1,2,JACQUARD_PATTERN_SHIFT,False
23.48,16.91,3.32,453.6,2537.3,722.0,25.95,56.3,24.3,616.6,2,JACQUARD_PATTERN_SHIFT,False
14.53,10.11,3.75,432.9,2269.8,593.0,49.51,61.0,22.9,526.4,0,YARN_BREAKAGE,False
13.56,10.67,4.23,435.8,2273.6,582.1,40.91,54.4,24.5,492.9,0,YARN_BREAKAGE,False
29.0,17.29,3.73,440.9,2600.4,719.7,23.09,57.1,20.3,661.8,2,JACQUARD_PATTERN_SHIFT,False
43.9,4.31,4.14,681.8,2514.6,600.6,65.12,50.6,28.7,695.2,-1,ANOMALOUS_NOISE,True
23.0,17.14,4.04,281.3,2073.8,563.5,17.45,62.0,21.4,566.7,3,BORDER_SEWING_DEFECT,False
26.04,15.97,5.03,490.7,2542.1,699.8,19.9,63.7,23.9,623.5,2,JACQUARD_PATTERN_SHIFT,False
12.97,9.45,3.88,447.0,2344.1,627.5,42.44,58.6,24.0,543.2,0,YARN_BREAKAGE,False
18.15,18.23,3.5,332.2,1904.5,633.4,24.46,62.8,23.3,567.7,3,BORDER_SEWING_DEFECT,False
26.68,17.79,4.07,473.9,2425.1,735.5,24.05,61.7,23.3,625.3,2,JACQUARD_PATTERN_SHIFT,False
22.76,20.12,4.18,319.3,1971.7,591.6,27.17,57.9,20.6,560.1,3,BORDER_SEWING_DEFECT,False
18.05,8.3,5.34,445.3,2223.8,629.7,47.42,51.0,22.6,563.4,0,YARN_BREAKAGE,False
13.18,11.21,4.11,438.1,2314.3,613.5,43.92,56.2,23.7,511.6,0,YARN_BREAKAGE,False
25.26,14.46,4.27,313.5,1927.9,538.2,23.7,60.9,19.2,532.5,3,BORDER_SEWING_DEFECT,False
14.04,8.04,3.76,443.0,2377.2,620.1,39.71,55.1,23.9,544.3,0,YARN_BREAKAGE,False
26.73,20.25,3.29,465.0,2461.0,694.7,20.43,64.6,22.5,638.2,2,JACQUARD_PATTERN_SHIFT,False
24.35,21.11,8.6,425.6,2285.2,617.1,23.18,44.8,33.3,522.1,1,OIL_STAIN,False
12.61,8.27,3.68,440.0,2237.1,598.6,39.83,57.5,27.1,546.3,0,YARN_BREAKAGE,False
29.95,16.52,6.38,439.4,2346.3,585.0,20.98,46.9,30.6,592.0,1,OIL_STAIN,False
27.98,15.29,3.06,324.0,1935.8,559.3,20.39,56.1,23.8,516.6,3,BORDER_SEWING_DEFECT,False
20.14,15.25,5.33,356.7,2079.5,649.9,19.37,63.3,21.3,540.3,3,BORDER_SEWING_DEFECT,False
26.11,17.76,7.54,416.5,2404.5,691.0,20.43,41.1,29.5,464.1,1,OIL_STAIN,False
27.46,15.1,4.56,320.2,1985.1,647.0,20.16,54.0,23.4,461.7,3,BORDER_SEWING_DEFECT,False
27.48,14.23,4.35,309.3,1953.3,614.0,20.91,52.2,25.2,526.1,3,BORDER_SEWING_DEFECT,False
18.1,13.24,2.28,319.3,1938.3,657.2,20.63,57.3,19.3,604.6,3,BORDER_SEWING_DEFECT,False
12.7,8.01,4.55,459.0,2142.8,553.0,38.04,58.1,26.7,508.2,0,YARN_BREAKAGE,False
16.53,9.76,4.91,415.2,2208.6,579.8,37.02,66.8,22.5,547.4,0,YARN_BREAKAGE,False
27.04,20.41,7.79,423.6,2287.4,599.5,22.63,43.1,31.0,517.7,1,OIL_STAIN,False
26.28,17.78,2.01,298.9,1947.2,611.1,22.94,60.1,24.2,495.9,3,BORDER_SEWING_DEFECT,False
29.15,15.44,6.24,467.1,2214.2,628.1,23.13,42.5,28.7,504.2,1,OIL_STAIN,False
28.77,9.76,7.11,464.8,2282.9,605.7,26.81,44.7,31.4,530.0,1,OIL_STAIN,False
20.39,19.32,4.95,324.2,1961.1,586.0,20.56,63.2,21.6,543.5,3,BORDER_SEWING_DEFECT,False
14.42,8.74,5.04,445.7,2079.3,578.3,46.38,54.1,22.9,523.0,0,YARN_BREAKAGE,False
31.05,16.26,7.16,444.0,2293.0,624.0,22.08,42.6,31.3,549.2,1,OIL_STAIN,False
23.72,21.7,5.02,313.5,1989.8,670.6,24.26,63.2,21.4,450.7,3,BORDER_SEWING_DEFECT,False
25.04,17.5,6.75,424.8,2362.3,589.2,20.51,45.5,31.1,535.0,1,OIL_STAIN,False
31.21,17.38,7.23,440.3,2188.5,622.1,21.37,41.1,31.0,486.0,1,OIL_STAIN,False
23.62,16.72,4.66,464.1,2535.3,740.0,25.87,58.4,23.9,638.4,2,JACQUARD_PATTERN_SHIFT,False
31.06,17.53,3.85,437.7,2527.8,731.5,25.66,57.7,25.6,584.5,2,JACQUARD_PATTERN_SHIFT,False
24.62,20.44,7.32,440.1,2333.9,687.0,26.94,42.4,28.1,528.3,1,OIL_STAIN,False
23.99,19.52,6.41,375.2,2099.1,637.9,20.97,47.8,30.3,581.2,1,OIL_STAIN,False
28.9,17.94,4.58,351.1,1896.4,596.8,22.87,58.6,20.0,512.6,3,BORDER_SEWING_DEFECT,False
23.72,13.1,4.95,291.4,1919.5,632.7,20.12,55.5,21.0,467.5,3,BORDER_SEWING_DEFECT,False
25.59,17.67,4.62,495.9,2587.7,723.7,20.59,66.9,23.2,639.0,2,JACQUARD_PATTERN_SHIFT,False
27.48,15.4,5.71,453.5,2259.3,594.3,22.68,40.7,29.4,512.8,1,OIL_STAIN,False
28.32,14.8,5.42,423.1,2479.0,740.9,20.95,62.7,24.8,667.9,2,JACQUARD_PATTERN_SHIFT,False
24.39,21.79,9.07,451.9,2219.9,676.7,21.12,39.6,33.1,544.3,1,OIL_STAIN,False
24.95,17.45,7.62,456.9,2297.8,632.0,23.41,38.1,33.2,510.9,1,OIL_STAIN,False
26.16,17.8,8.25,443.4,2254.8,656.6,17.29,45.3,31.3,561.2,1,OIL_STAIN,False
29.52,22.63,7.88,449.8,2270.5,596.9,26.61,46.3,31.0,634.1,1,OIL_STAIN,False
24.95,20.48,7.36,427.8,2210.2,665.2,21.92,42.7,34.4,498.6,1,OIL_STAIN,False
13.96,10.22,3.51,416.9,2236.3,689.5,43.96,61.1,25.6,523.6,0,YARN_BREAKAGE,False
24.72,16.75,7.85,466.0,2273.6,665.8,27.32,42.9,31.1,568.4,1,OIL_STAIN,False
22.64,23.1,6.23,436.0,2287.1,615.2,21.92,40.0,28.5,542.7,1,OIL_STAIN,False
9.76,9.92,3.71,483.8,2351.6,639.0,36.37,61.1,23.4,511.6,0,YARN_BREAKAGE,False
29.84,19.21,4.2,477.8,2399.6,676.9,27.82,67.0,23.4,661.4,2,JACQUARD_PATTERN_SHIFT,False
27.27,19.63,9.43,435.3,2280.6,689.9,26.02,41.5,29.7,525.8,1,OIL_STAIN,False
30.9,17.96,4.72,469.2,2463.9,719.2,24.25,55.2,24.4,625.1,2,JACQUARD_PATTERN_SHIFT,False
27.89,14.71,4.85,452.2,2431.7,762.2,26.71,59.1,23.4,589.2,2,JACQUARD_PATTERN_SHIFT,False
27.44,15.52,3.92,460.1,2449.4,678.9,20.9,67.0,28.9,589.0,2,JACQUARD_PATTERN_SHIFT,False
25.36,11.67,3.14,346.8,1991.3,586.4,19.17,52.9,25.1,536.6,3,BORDER_SEWING_DEFECT,False
25.66,14.75,4.11,295.7,1833.7,567.7,19.47,56.5,23.5,553.4,3,BORDER_SEWING_DEFECT,False
19.88,18.1,4.48,304.6,1931.3,571.4,21.43,59.4,22.0,525.5,3,BORDER_SEWING_DEFECT,False
24.7,18.44,4.06,325.1,2029.2,561.5,24.17,52.7,19.9,527.0,3,BORDER_SEWING_DEFECT,False
22.83,17.85,3.21,324.5,2023.8,548.9,16.68,64.6,25.3,499.9,3,BORDER_SEWING_DEFECT,False
21.11,17.18,4.15,325.1,1882.7,588.3,19.57,60.3,21.1,499.5,3,BORDER_SEWING_DEFECT,False
15.42,8.33,2.88,409.4,2350.3,579.9,45.29,59.3,26.6,494.4,0,YARN_BREAKAGE,False
29.14,18.75,8.97,444.3,2298.8,524.5,18.26,49.0,31.1,542.9,1,OIL_STAIN,False
21.87,15.08,4.24,308.2,1884.7,535.1,21.93,63.5,24.0,485.0,3,BORDER_SEWING_DEFECT,False
21.33,12.77,9.59,423.3,2230.3,568.5,26.26,40.9,30.5,573.7,1,OIL_STAIN,False
27.96,19.09,5.12,473.4,2516.0,722.1,21.42,60.0,27.9,636.3,2,JACQUARD_PATTERN_SHIFT,False
21.42,18.14,4.34,296.2,1994.2,568.0,17.48,68.5,19.8,506.1,3,BORDER_SEWING_DEFECT,False
16.95,10.48,5.12,409.3,2124.2,595.3,41.42,61.5,24.8,538.4,0,YARN_BREAKAGE,False
26.59,17.54,6.88,460.4,2284.5,618.2,16.53,42.6,31.8,606.9,1,OIL_STAIN,False
22.03,15.91,2.38,284.1,2040.8,655.0,17.78,58.3,21.9,555.8,3,BORDER_SEWING_DEFECT,False
28.75,17.56,7.74,470.0,2321.9,625.7,23.8,46.8,32.5,535.1,1,OIL_STAIN,False
18.16,12.33,4.91,461.9,2134.6,589.3,38.9,51.6,23.9,484.2,0,YARN_BREAKAGE,False
19.99,16.9,3.46,336.2,1808.1,542.0,17.23,63.4,24.0,500.3,3,BORDER_SEWING_DEFECT,False
28.25,18.92,4.89,441.4,2431.7,698.6,23.27,57.5,20.2,645.1,2,JACQUARD_PATTERN_SHIFT,False
27.63,19.45,6.87,403.0,2343.2,677.2,18.48,48.6,32.0,571.7,1,OIL_STAIN,False
24.12,14.52,7.8,410.7,2264.7,621.5,24.03,33.5,30.3,486.8,1,OIL_STAIN,False
14.07,6.62,4.96,424.6,2276.9,619.5,44.62,59.1,23.1,515.8,0,YARN_BREAKAGE,False
27.65,22.83,3.95,468.8,2553.3,714.4,26.11,68.8,23.9,612.0,2,JACQUARD_PATTERN_SHIFT,False
24.06,16.65,7.99,421.1,2297.5,624.9,19.2,46.9,28.8,551.1,1,OIL_STAIN,False
15.71,8.21,5.03,415.0,2143.6,595.5,37.48,51.3,22.4,537.8,0,YARN_BREAKAGE,False
18.55,14.98,5.13,283.5,1940.4,627.4,21.87,64.6,24.4,459.3,3,BORDER_SEWING_DEFECT,False
24.96,11.62,5.55,354.1,1879.8,591.8,15.6,62.1,21.5,520.9,3,BORDER_SEWING_DEFECT,False
29.48,18.41,6.69,416.7,2271.6,643.1,20.23,42.4,33.5,535.5,1,OIL_STAIN,False
21.41,12.16,3.03,354.5,1990.7,634.1,23.05,62.0,22.2,448.0,3,BORDER_SEWING_DEFECT,False
26.23,21.1,3.53,461.0,2537.8,733.0,26.82,61.5,27.8,624.3,2,JACQUARD_PATTERN_SHIFT,False
25.44,17.55,5.33,416.9,2444.8,770.7,20.73,48.6,24.9,638.1,2,JACQUARD_PATTERN_SHIFT,False
27.13,17.78,5.34,325.1,2008.9,555.9,18.0,61.3,25.8,447.7,3,BORDER_SEWING_DEFECT,False
35.75,13.64,7.01,524.3,1813.6,704.5,80.05,62.9,38.3,466.4,-1,ANOMALOUS_NOISE,True
16.03,7.23,4.0,415.6,2290.5,580.0,43.78,49.7,25.7,525.8,0,YARN_BREAKAGE,False
24.23,17.47,4.07,493.5,2477.0,702.2,28.23,66.7,21.7,628.4,2,JACQUARD_PATTERN_SHIFT,False
20.78,12.89,6.67,415.7,2172.0,655.9,19.87,37.4,28.4,559.4,1,OIL_STAIN,False
25.76,18.1,7.41,444.6,2400.5,589.7,28.79,40.4,30.8,572.1,1,OIL_STAIN,False
21.27,13.4,6.81,463.4,2286.9,635.6,25.45,44.8,29.9,539.1,1,OIL_STAIN,False
16.3,8.99,5.37,448.7,2220.4,561.1,45.48,54.5,23.7,525.9,0,YARN_BREAKAGE,False
13.6,9.82,4.03,397.0,2226.2,626.8,37.68,59.4,25.6,517.6,0,YARN_BREAKAGE,False
13.71,8.37,4.6,410.7,2173.9,597.7,46.37,67.1,27.5,482.1,0,YARN_BREAKAGE,False
30.6,20.23,3.78,452.3,2475.6,725.2,26.09,66.0,24.4,635.4,2,JACQUARD_PATTERN_SHIFT,False
32.43,14.14,7.87,452.2,2172.9,591.4,19.66,45.2,30.3,547.2,1,OIL_STAIN,False
15.59,8.17,5.22,387.2,2137.0,600.6,43.3,57.8,23.2,578.9,0,YARN_BREAKAGE,False
25.88,17.31,6.59,469.8,2136.3,609.0,23.58,47.1,31.7,529.7,1,OIL_STAIN,False
22.61,14.47,4.61,296.9,1955.4,502.7,21.23,69.7,23.5,516.7,3,BORDER_SEWING_DEFECT,False
24.43,20.57,3.77,317.8,1864.1,576.1,19.47,67.9,24.7,486.8,3,BORDER_SEWING_DEFECT,False
15.52,9.73,4.75,463.8,2204.8,575.7,37.0,61.4,23.8,544.2,0,YARN_BREAKAGE,False
23.13,8.73,4.51,323.6,1952.3,602.1,21.56,67.6,25.6,575.5,3,BORDER_SEWING_DEFECT,False
15.72,9.13,4.15,432.4,2177.6,544.5,31.4,54.9,24.8,523.8,0,YARN_BREAKAGE,False
12.15,7.4,3.21,482.3,2297.7,630.0,47.38,61.7,22.8,504.0,0,YARN_BREAKAGE,False
11.08,9.02,4.65,422.0,2109.6,596.5,42.29,62.9,21.5,546.3,0,YARN_BREAKAGE,False
25.48,16.57,6.92,463.7,2272.0,603.9,18.28,39.8,31.8,558.6,1,OIL_STAIN,False
25.93,18.6,8.07,438.2,2210.8,617.1,25.22,45.6,31.1,507.8,1,OIL_STAIN,False
26.27,19.44,4.91,477.0,2456.6,681.7,22.56,57.8,23.8,654.6,2,JACQUARD_PATTERN_SHIFT,False
25.52,16.26,4.7,452.3,2441.7,701.7,22.09,69.1,25.2,615.8,2,JACQUARD_PATTERN_SHIFT,False
25.04,19.3,8.14,493.9,2378.2,589.4,18.84,37.7,29.3,521.2,1,OIL_STAIN,False
17.01,12.35,3.36,430.3,2280.6,574.7,48.02,66.9,24.2,579.0,0,YARN_BREAKAGE,False
22.24,15.75,2.67,294.5,1968.5,620.8,16.54,63.4,25.0,492.1,3,BORDER_SEWING_DEFECT,False
24.4,27.19,7.61,249.8,2863.2,409.5,79.13,46.2,35.1,628.9,-1,ANOMALOUS_NOISE,True
30.3,20.98,4.27,481.9,2498.4,720.8,21.65,58.7,22.3,601.3,2,JACQUARD_PATTERN_SHIFT,False
29.56,17.65,4.11,481.2,2415.9,670.4,21.28,67.9,23.4,660.1,2,JACQUARD_PATTERN_SHIFT,False
25.34,17.11,4.15,288.2,2013.3,645.8,20.93,61.5,22.2,521.6,3,BORDER_SEWING_DEFECT,False
26.74,18.46,4.19,432.7,2429.9,719.7,27.09,59.3,24.9,668.0,2,JACQUARD_PATTERN_SHIFT,False
27.31,14.13,7.38,390.6,2082.7,663.1,25.78,46.8,32.3,512.4,1,OIL_STAIN,False
27.96,14.26,7.53,376.2,2197.7,590.1,21.34,46.4,33.8,551.3,1,OIL_STAIN,False
18.39,15.65,4.23,337.1,1853.4,569.6,26.64,59.2,21.7,502.1,3,BORDER_SEWING_DEFECT,False
16.83,10.21,4.38,438.5,2168.3,593.9,41.04,62.2,24.7,570.1,0,YARN_BREAKAGE,False
29.2,13.4,4.29,303.1,1784.2,525.6,20.52,58.9,22.3,492.6,3,BORDER_SEWING_DEFECT,False
24.4,17.62,4.03,438.0,2387.1,688.7,28.37,60.6,20.6,662.4,2,JACQUARD_PATTERN_SHIFT,False
30.15,17.29,3.35,477.8,2495.8,699.6,29.1,68.9,24.0,651.9,2,JACQUARD_PATTERN_SHIFT,False
21.43,11.92,4.12,311.7,2083.2,588.9,21.27,53.1,22.7,491.7,3,BORDER_SEWING_DEFECT,False
24.95,14.48,3.81,291.9,2061.7,598.1,18.74,63.4,22.1,488.1,3,BORDER_SEWING_DEFECT,False
26.71,22.18,3.44,489.0,2530.5,682.2,18.11,58.7,22.7,632.6,2,JACQUARD_PATTERN_SHIFT,False
27.6,14.79,3.16,318.9,1923.6,607.6,15.19,66.5,22.2,565.7,3,BORDER_SEWING_DEFECT,False
32.23,13.07,8.36,424.9,2208.0,627.2,23.14,45.7,30.4,565.9,1,OIL_STAIN,False
25.96,16.33,3.44,482.3,2501.3,775.5,20.97,57.8,24.4,652.8,2,JACQUARD_PATTERN_SHIFT,False
25.35,19.3,5.0,303.2,2043.1,662.4,22.67,66.8,24.0,523.9,3,BORDER_SEWING_DEFECT,False
27.13,17.47,4.02,441.5,2476.8,704.9,19.39,54.2,27.3,632.3,2,JACQUARD_PATTERN_SHIFT,False
29.54,18.98,3.15,461.4,2503.8,697.7,27.99,61.4,25.1,626.1,2,JACQUARD_PATTERN_SHIFT,False
22.93,17.82,9.49,455.0,2217.9,585.8,24.98,49.4,31.5,598.8,1,OIL_STAIN,False
12.34,10.72,3.97,440.3,2083.7,645.2,36.84,66.3,25.5,532.3,0,YARN_BREAKAGE,False
14.07,9.46,5.41,457.5,2130.0,608.2,41.78,57.5,22.6,531.6,0,YARN_BREAKAGE,False
26.23,15.15,4.75,455.4,2452.9,677.0,25.41,56.5,23.4,626.9,2,JACQUARD_PATTERN_SHIFT,False
27.29,19.35,6.3,447.5,2314.6,649.3,26.16,37.9,32.0,555.4,1,OIL_STAIN,False
25.45,16.77,4.45,465.2,2584.1,723.4,26.56,58.0,23.5,673.7,2,JACQUARD_PATTERN_SHIFT,False
32.23,19.18,6.85,474.8,2276.5,599.9,25.09,35.4,34.4,559.1,1,OIL_STAIN,False
28.55,14.24,7.22,485.7,2205.0,596.6,20.49,40.6,30.0,552.2,1,OIL_STAIN,False
28.16,20.56,2.38,424.5,2515.0,718.2,24.52,54.9,26.9,658.4,2,JACQUARD_PATTERN_SHIFT,False
19.36,17.43,4.66,322.2,1967.6,587.9,23.79,68.1,19.1,467.8,3,BORDER_SEWING_DEFECT,False
24.45,21.07,4.52,444.8,2540.2,694.4,24.95,58.4,23.5,606.0,2,JACQUARD_PATTERN_SHIFT,False
27.84,11.3,3.14,287.3,2076.1,630.1,18.9,60.5,25.0,510.9,3,BORDER_SEWING_DEFECT,False
24.55,16.86,7.75,432.4,2261.5,647.1,19.37,43.7,30.2,521.4,1,OIL_STAIN,False
27.66,18.23,3.83,316.6,1999.9,557.9,20.93,58.0,22.7,493.6,3,BORDER_SEWING_DEFECT,False
23.61,15.07,3.08,360.4,1949.0,601.8,23.27,57.5,23.9,559.3,3,BORDER_SEWING_DEFECT,False
29.57,27.48,6.01,501.6,1776.1,798.4,78.46,53.9,34.8,377.5,-1,ANOMALOUS_NOISE,True
25.67,14.18,3.24,337.0,1986.2,572.4,22.74,61.4,21.2,558.4,3,BORDER_SEWING_DEFECT,False
28.76,19.18,4.82,452.9,2467.8,687.0,24.93,56.0,24.0,653.9,2,JACQUARD_PATTERN_SHIFT,False
24.42,17.31,4.02,338.8,1803.8,636.6,18.62,60.5,23.4,559.2,3,BORDER_SEWING_DEFECT,False
27.16,18.49,4.48,432.9,2532.0,712.1,21.31,56.4,25.5,614.8,2,JACQUARD_PATTERN_SHIFT,False
24.91,19.56,7.65,469.9,2193.6,650.8,26.54,42.1,33.8,556.7,1,OIL_STAIN,False
19.46,13.11,4.53,300.8,1970.5,623.5,24.17,63.0,22.3,491.8,3,BORDER_SEWING_DEFECT,False
22.32,19.97,9.01,424.7,2220.1,643.0,18.66,39.3,29.4,547.6,1,OIL_STAIN,False
20.01,18.38,7.24,415.7,2336.7,697.0,19.63,40.2,34.4,513.5,1,OIL_STAIN,False
28.69,19.35,2.82,429.6,2478.4,723.9,24.59,62.5,27.6,607.8,2,JACQUARD_PATTERN_SHIFT,False
26.59,17.91,8.62,407.2,2314.2,620.7,33.18,42.7,29.9,523.7,1,OIL_STAIN,False
27.57,19.76,6.43,441.4,2283.1,667.7,22.4,44.8,31.3,480.6,1,OIL_STAIN,False
19.95,18.04,3.75,459.9,2372.8,733.0,25.23,68.8,24.4,632.3,2,JACQUARD_PATTERN_SHIFT,False
25.83,18.12,4.01,329.1,1968.7,601.6,18.26,58.8,21.8,521.4,3,BORDER_SEWING_DEFECT,False
21.76,20.75,3.51,459.0,2426.3,740.6,26.2,55.3,25.4,637.2,2,JACQUARD_PATTERN_SHIFT,False
26.36,15.11,7.37,436.4,2151.7,679.0,26.48,45.8,34.0,531.4,1,OIL_STAIN,False
6.46,31.13,7.15,354.8,2138.3,549.5,83.69,68.2,24.7,427.1,-1,ANOMALOUS_NOISE,True
27.91,14.37,6.9,439.8,2360.1,658.4,27.69,49.6,32.4,506.2,1,OIL_STAIN,False
22.25,16.97,4.59,307.8,1927.0,605.2,22.42,66.6,20.5,465.0,3,BORDER_SEWING_DEFECT,False
27.94,18.13,9.82,477.3,2193.4,619.8,25.6,41.9,32.0,536.8,1,OIL_STAIN,False
8.42,6.42,8.71,208.0,2640.6,415.5,83.24,74.2,25.6,383.3,-1,ANOMALOUS_NOISE,True
12.04,9.89,3.54,418.2,2115.6,523.5,41.02,60.6,23.8,580.4,0,YARN_BREAKAGE,False
23.83,13.01,3.74,298.7,2051.8,565.7,28.7,63.4,18.6,526.6,3,BORDER_SEWING_DEFECT,False
17.71,10.12,3.5,420.0,2202.3,595.7,42.43,54.5,22.7,568.2,0,YARN_BREAKAGE,False
14.0,10.57,2.94,433.8,2106.2,618.7,44.85,63.4,27.2,490.2,0,YARN_BREAKAGE,False
26.19,18.35,5.58,469.8,2389.5,704.6,21.46,60.2,27.5,646.0,2,JACQUARD_PATTERN_SHIFT,False
29.09,14.54,5.85,472.5,2126.5,631.2,20.37,41.9,30.0,561.8,1,OIL_STAIN,False
24.89,16.19,7.45,444.6,2293.9,615.5,25.99,47.6,32.0,546.7,1,OIL_STAIN,False
15.48,9.59,5.26,450.6,2097.3,601.6,43.12,55.3,26.4,532.5,0,YARN_BREAKAGE,False
12.56,11.82,5.01,426.3,2225.9,611.7,35.38,60.4,24.0,509.9,0,YARN_BREAKAGE,False
13.8,9.65,3.93,445.6,2304.7,619.1,42.22,55.3,22.7,572.0,0,YARN_BREAKAGE,False
25.86,18.9,8.48,435.7,2335.7,652.8,21.16,43.2,29.5,557.8,1,OIL_STAIN,False
29.24,16.62,6.98,450.9,2254.5,683.1,21.72,43.2,30.5,548.1,1,OIL_STAIN,False
22.97,18.38,4.81,287.7,1994.4,613.8,18.81,59.9,25.5,547.5,3,BORDER_SEWING_DEFECT,False
22.65,18.62,3.41,337.4,1882.4,634.8,24.18,61.2,22.2,538.5,3,BORDER_SEWING_DEFECT,False
28.19,19.57,3.75,475.6,2561.9,784.6,26.37,57.7,26.2,648.6,2,JACQUARD_PATTERN_SHIFT,False
12.07,10.08,3.95,418.3,2263.1,592.1,40.76,63.3,24.8,516.6,0,YARN_BREAKAGE,False
14.23,10.02,5.23,466.9,2296.4,604.6,46.51,51.2,22.4,535.6,0,YARN_BREAKAGE,False
25.76,18.33,4.27,474.0,2602.5,692.3,29.43,61.9,25.1,654.9,2,JACQUARD_PATTERN_SHIFT,False
19.44,15.51,2.67,313.9,2010.4,562.2,16.55,76.6,22.2,507.4,3,BORDER_SEWING_DEFECT,False
22.77,17.23,5.1,284.0,1985.6,556.2,13.08,54.6,22.9,499.6,3,BORDER_SEWING_DEFECT,False
30.5,14.53,7.67,424.9,2169.0,599.3,25.49,41.5,28.5,516.8,1,OIL_STAIN,False
15.34,11.46,4.41,436.1,2217.4,570.5,48.68,51.6,24.8,551.2,0,YARN_BREAKAGE,False
22.17,4.16,4.1,666.3,1838.7,811.0,67.07,28.8,24.2,701.1,-1,ANOMALOUS_NOISE,True
27.5,16.2,5.24,472.1,2389.0,783.7,22.19,60.7,24.3,619.6,2,JACQUARD_PATTERN_SHIFT,False
23.89,17.64,5.04,466.9,2619.5,708.7,23.01,54.6,23.3,648.3,2,JACQUARD_PATTERN_SHIFT,False
24.14,15.48,3.32,484.2,2527.7,688.3,22.03,59.7,26.9,606.3,2,JACQUARD_PATTERN_SHIFT,False
27.59,13.76,2.51,312.3,1935.2,588.7,18.49,55.4,20.1,471.6,3,BORDER_SEWING_DEFECT,False
14.53,9.26,3.4,429.5,2184.0,587.2,43.65,50.2,22.6,530.7,0,YARN_BREAKAGE,False
26.31,17.25,4.82,452.6,2439.4,644.1,20.72,60.9,23.1,653.3,2,JACQUARD_PATTERN_SHIFT,False
26.33,12.33,4.94,309.4,2018.7,560.9,20.26,53.8,24.9,525.2,3,BORDER_SEWING_DEFECT,False
30.2,19.5,7.61,423.3,2156.2,652.2,21.36,44.2,34.9,560.9,1,OIL_STAIN,False
32.0,15.64,5.19,438.2,2520.0,720.5,28.21,64.6,27.0,627.1,2,JACQUARD_PATTERN_SHIFT,False
14.46,10.61,6.3,239.9,2634.7,439.0,61.59,73.3,33.8,569.9,-1,ANOMALOUS_NOISE,True
25.15,16.0,3.88,470.0,2415.8,703.6,23.98,53.7,23.9,648.9,2,JACQUARD_PATTERN_SHIFT,False
27.43,17.7,8.05,482.8,2191.2,581.1,20.72,48.9,31.1,451.8,1,OIL_STAIN,False
15.01,9.59,5.15,427.1,2150.0,594.4,45.7,58.1,25.9,507.9,0,YARN_BREAKAGE,False
29.06,22.05,4.26,430.1,2445.5,708.9,23.88,58.1,26.0,631.8,2,JACQUARD_PATTERN_SHIFT,False
27.02,16.97,4.39,468.4,2499.0,718.2,26.01,50.5,26.1,676.2,2,JACQUARD_PATTERN_SHIFT,False
14.63,10.68,4.45,468.3,2222.8,682.6,39.81,58.6,20.5,564.9,0,YARN_BREAKAGE,False
17.11,7.52,3.98,394.8,2144.8,602.9,41.78,54.2,28.4,504.2,0,YARN_BREAKAGE,False
14.97,7.91,4.54,431.9,2198.4,607.7,41.37,60.0,21.5,481.6,0,YARN_BREAKAGE,False
27.16,15.48,4.42,425.9,2482.7,726.3,20.3,62.0,22.7,615.7,2,JACQUARD_PATTERN_SHIFT,False
25.81,18.75,5.46,481.0,2429.5,724.3,18.37,61.7,24.9,628.9,2,JACQUARD_PATTERN_SHIFT,False
21.8,13.49,3.27,281.3,1917.0,545.5,19.77,54.0,21.5,520.7,3,BORDER_SEWING_DEFECT,False
15.75,8.65,3.64,449.8,2274.9,611.7,41.5,59.7,22.5,536.3,0,YARN_BREAKAGE,False
9.25,19.75,11.17,263.1,1560.5,773.3,84.57,55.8,25.9,680.6,-1,ANOMALOUS_NOISE,True
29.52,18.88,3.72,454.1,2519.5,721.8,24.89,65.5,21.1,651.7,2,JACQUARD_PATTERN_SHIFT,False
29.63,15.78,4.51,439.4,2485.3,684.7,20.47,62.8,23.4,609.4,2,JACQUARD_PATTERN_SHIFT,False
26.37,17.14,3.78,477.8,2481.8,690.0,26.27,57.9,23.7,601.7,2,JACQUARD_PATTERN_SHIFT,False
29.45,13.53,7.98,443.0,2223.3,540.2,14.57,43.3,32.9,555.6,1,OIL_STAIN,False
24.61,16.27,3.43,272.4,1937.4,594.3,12.7,71.2,24.2,502.8,3,BORDER_SEWING_DEFECT,False
26.67,18.49,8.01,430.3,2279.3,584.1,29.22,46.3,31.4,572.6,1,OIL_STAIN,False
12.79,11.24,1.91,427.3,2164.0,640.5,41.87,70.8,26.6,530.9,0,YARN_BREAKAGE,False
30.72,19.41,8.98,431.6,2262.6,569.2,20.59,37.3,32.2,494.9,1,OIL_STAIN,False
27.84,16.84,8.37,409.8,2222.3,607.9,22.24,44.3,31.3,573.0,1,OIL_STAIN,False
14.06,9.89,4.91,443.7,2229.6,611.7,34.89,47.6,26.0,544.4,0,YARN_BREAKAGE,False
16.63,10.95,4.3,447.3,2211.0,652.0,39.15,63.7,22.3,522.3,0,YARN_BREAKAGE,False
18.28,14.23,4.15,321.8,1989.5,631.3,17.12,66.8,20.2,493.3,3,BORDER_SEWING_DEFECT,False
11.55,9.21,4.25,462.6,2246.6,589.8,51.78,57.8,25.6,522.1,0,YARN_BREAKAGE,False
25.92,15.28,9.01,426.3,2300.3,657.0,22.59,42.5,34.0,475.9,1,OIL_STAIN,False
16.48,9.84,3.87,409.4,2250.7,639.2,40.66,48.8,23.4,486.6,0,YARN_BREAKAGE,False
25.75,11.29,3.24,344.8,1957.1,625.2,21.16,63.0,24.4,500.4,3,BORDER_SEWING_DEFECT,False
24.47,10.68,6.29,310.1,1923.2,640.8,19.36,64.3,21.6,546.9,3,BORDER_SEWING_DEFECT,False
26.84,17.54,3.89,476.8,2518.6,712.1,21.8,62.8,25.5,625.6,2,JACQUARD_PATTERN_SHIFT,False
26.37,18.01,4.52,465.2,2528.5,754.0,23.21,62.2,24.1,635.0,2,JACQUARD_PATTERN_SHIFT,False
27.6,18.45,3.31,358.3,1941.9,664.4,16.08,61.3,23.6,550.9,3,BORDER_SEWING_DEFECT,False
28.48,18.2,4.21,470.0,2470.8,734.4,24.57,58.5,28.3,614.9,2,JACQUARD_PATTERN_SHIFT,False
25.46,19.28,4.45,456.3,2538.1,741.1,17.38,60.1,22.8,601.7,2,JACQUARD_PATTERN_SHIFT,False
25.58,18.08,4.82,464.6,2401.4,723.7,23.4,62.2,28.0,611.7,2,JACQUARD_PATTERN_SHIFT,False
27.31,16.68,4.57,431.0,2536.9,653.8,28.29,56.2,32.4,631.9,2,JACQUARD_PATTERN_SHIFT,False
20.65,15.17,4.7,335.5,1956.1,547.2,24.3,56.7,21.2,476.3,3,BORDER_SEWING_DEFECT,False
25.33,21.32,5.26,472.3,2421.8,663.0,28.56,67.1,26.2,649.4,2,JACQUARD_PATTERN_SHIFT,False
38.5,19.56,1.62,490.9,1989.3,460.2,76.07,35.9,28.6,573.1,-1,ANOMALOUS_NOISE,True
23.44,14.05,2.75,337.1,1899.4,592.5,22.11,64.1,22.9,517.3,3,BORDER_SEWING_DEFECT,False
29.66,18.68,5.02,294.5,1954.1,591.8,20.0,58.2,23.3,481.7,3,BORDER_SEWING_DEFECT,False
29.82,18.93,4.14,484.7,2465.3,704.1,25.88,59.1,27.0,636.8,2,JACQUARD_PATTERN_SHIFT,False
27.14,16.2,4.07,440.0,2492.4,734.2,25.86,64.9,29.9,619.4,2,JACQUARD_PATTERN_SHIFT,False
17.45,22.73,7.57,454.5,2142.1,598.8,21.59,45.6,33.0,548.6,1,OIL_STAIN,False
14.4,9.78,5.19,417.3,2212.9,660.5,35.99,58.1,24.3,522.0,0,YARN_BREAKAGE,False
22.49,16.01,4.15,447.7,2503.8,654.5,24.25,64.0,25.2,646.7,2,JACQUARD_PATTERN_SHIFT,False
25.79,17.26,7.85,451.5,2195.9,587.5,24.05,36.4,32.5,564.0,1,OIL_STAIN,False
22.59,11.33,4.36,315.0,2082.8,571.3,18.55,62.2,24.6,487.9,3,BORDER_SEWING_DEFECT,False
27.98,19.12,4.34,468.2,2513.0,733.1,25.66,62.8,24.9,602.3,2,JACQUARD_PATTERN_SHIFT,False
27.18,14.4,7.54,417.5,2179.5,609.1,18.66,42.2,28.6,553.4,1,OIL_STAIN,False
16.22,9.85,5.33,426.0,2260.3,618.9,37.57,63.3,25.9,568.3,0,YARN_BREAKAGE,False
14.72,8.87,4.95,416.0,2172.0,676.8,38.31,63.2,22.5,513.2,0,YARN_BREAKAGE,False
11.47,9.95,4.82,424.7,2135.3,588.9,44.78,51.0,22.4,532.3,0,YARN_BREAKAGE,False
14.56,10.44,4.59,409.0,2209.8,621.8,44.89,58.9,28.6,548.6,0,YARN_BREAKAGE,False
28.03,21.29,4.53,522.2,2573.8,689.4,23.45,64.7,20.9,648.8,2,JACQUARD_PATTERN_SHIFT,False
16.65,8.12,6.22,454.4,2340.2,587.2,37.95,63.1,23.4,538.2,0,YARN_BREAKAGE,False
27.24,20.28,3.45,482.3,2393.4,716.4,21.15,57.2,25.9,603.6,2,JACQUARD_PATTERN_SHIFT,False
16.94,10.78,4.11,442.3,2338.4,593.3,46.64,59.0,24.5,463.7,0,YARN_BREAKAGE,False
23.38,15.33,4.75,350.9,1977.6,584.4,21.6,55.9,22.4,486.8,3,BORDER_SEWING_DEFECT,False
13.65,8.48,6.2,451.4,2141.1,650.9,40.92,53.1,22.2,487.5,0,YARN_BREAKAGE,False
17.85,17.18,4.62,347.6,1891.5,601.0,16.1,61.2,24.7,537.4,3,BORDER_SEWING_DEFECT,False
28.16,21.16,4.68,447.4,2540.8,687.6,25.39,61.1,25.3,660.6,2,JACQUARD_PATTERN_SHIFT,False
26.48,18.1,4.61,468.4,2576.7,678.5,23.35,62.1,21.5,618.3,2,JACQUARD_PATTERN_SHIFT,False
11.17,13.19,5.02,450.3,2322.2,578.2,37.5,60.0,23.9,572.3,0,YARN_BREAKAGE,False
27.12,16.63,5.43,323.3,1951.2,606.6,22.57,61.3,19.4,507.2,3,BORDER_SEWING_DEFECT,False
13.94,8.23,4.72,453.8,2355.0,639.1,44.84,57.6,24.7,518.4,0,YARN_BREAKAGE,False
27.99,18.3,4.22,470.0,2383.3,708.7,22.38,53.0,23.3,679.7,2,JACQUARD_PATTERN_SHIFT,False
22.12,20.46,7.4,439.3,2373.6,627.3,18.5,50.6,33.4,534.1,1,OIL_STAIN,False
22.47,16.18,4.62,293.2,1986.7,525.9,14.6,56.6,25.4,474.6,3,BORDER_SEWING_DEFECT,False
25.2,6.09,7.71,639.9,2977.0,823.6,69.43,28.7,31.2,555.0,-1,ANOMALOUS_NOISE,True
24.55,16.39,6.78,443.7,2226.6,608.7,20.83,45.8,30.4,619.3,1,OIL_STAIN,False
25.46,12.77,3.38,325.6,2000.9,601.3,17.27,59.6,23.1,549.8,3,BORDER_SEWING_DEFECT,False
25.72,15.7,7.94,388.5,1951.4,767.5,79.95,64.5,12.2,542.2,-1,ANOMALOUS_NOISE,True
25.66,20.14,4.58,361.4,1928.1,512.4,23.13,61.5,20.6,508.2,3,BORDER_SEWING_DEFECT,False
27.88,18.49,3.11,449.5,2528.3,702.3,22.04,62.5,22.2,625.2,2,JACQUARD_PATTERN_SHIFT,False
17.06,9.94,3.28,429.5,2177.6,621.8,52.29,53.3,26.3,522.5,0,YARN_BREAKAGE,False
22.41,14.26,4.94,287.9,2021.4,631.8,21.09,65.7,22.6,533.1,3,BORDER_SEWING_DEFECT,False
15.65,9.88,3.49,437.8,2215.0,613.0,49.4,53.4,22.3,517.8,0,YARN_BREAKAGE,False
28.99,15.12,8.59,476.8,2177.2,641.3,27.65,40.4,33.9,539.4,1,OIL_STAIN,False
25.41,14.58,5.56,421.2,2341.0,628.0,21.09,47.7,31.5,553.0,1,OIL_STAIN,False
9.77,31.02,10.37,265.6,2653.6,524.0,64.52,63.9,27.7,472.0,-1,ANOMALOUS_NOISE,True
26.72,16.44,7.96,479.0,2099.1,612.2,22.7,40.4,32.3,555.5,1,OIL_STAIN,False
27.04,19.13,8.61,417.9,2275.6,606.5,23.91,44.9,30.8,574.0,1,OIL_STAIN,False
15.66,7.71,4.86,438.1,2175.7,623.8,42.79,53.7,22.4,542.1,0,YARN_BREAKAGE,False
15.69,10.28,5.91,412.0,2178.9,623.0,41.08,54.9,22.2,523.6,0,YARN_BREAKAGE,False
26.14,17.08,3.86,295.7,2001.7,638.2,17.16,57.5,26.2,497.6,3,BORDER_SEWING_DEFECT,False
34.4,16.85,4.71,471.5,2454.1,702.6,27.21,57.6,23.9,666.8,2,JACQUARD_PATTERN_SHIFT,False
25.85,18.04,3.18,473.7,2475.3,756.8,25.53,57.9,22.3,641.7,2,JACQUARD_PATTERN_SHIFT,False
14.55,8.14,3.01,444.9,2360.4,629.0,43.89,49.4,26.3,494.2,0,YARN_BREAKAGE,False
19.81,12.98,5.22,294.7,1910.1,528.8,21.39,52.4,23.2,484.7,3,BORDER_SEWING_DEFECT,False
28.32,10.75,8.0,439.6,2228.9,624.3,26.61,48.7,31.3,538.4,1,OIL_STAIN,False
29.04,14.78,4.68,452.8,2463.8,746.6,25.05,58.8,22.6,661.6,2,JACQUARD_PATTERN_SHIFT,False
25.89,13.66,9.74,423.1,2444.7,522.8,20.34,43.4,31.5,562.6,1,OIL_STAIN,False
24.93,19.33,5.2,303.7,1929.1,544.7,17.02,59.5,24.1,447.5,3,BORDER_SEWING_DEFECT,False
24.65,15.27,3.63,447.0,2581.1,711.5,23.6,55.8,24.9,624.7,2,JACQUARD_PATTERN_SHIFT,False
24.67,14.49,4.85,339.6,2055.3,552.3,19.88,62.8,20.3,438.3,3,BORDER_SEWING_DEFECT,False
29.69,17.36,3.91,462.9,2496.8,710.1,26.67,56.6,24.0,624.1,2,JACQUARD_PATTERN_SHIFT,False
27.25,17.13,4.72,350.2,1946.7,607.5,15.28,63.9,24.3,527.6,3,BORDER_SEWING_DEFECT,False
30.14,14.88,6.1,434.4,2241.7,667.9,31.06,46.5,32.3,538.5,1,OIL_STAIN,False
25.23,17.8,7.0,478.3,2264.6,629.9,23.7,42.2,32.8,503.1,1,OIL_STAIN,False
27.19,11.62,8.25,395.0,2376.2,617.9,23.14,45.4,34.7,577.9,1,OIL_STAIN,False
22.81,16.78,5.15,295.4,1889.7,544.5,27.74,61.9,22.6,515.6,3,BORDER_SEWING_DEFECT,False
14.53,7.79,5.0,460.9,2109.4,623.2,41.26,58.1,21.9,542.2,0,YARN_BREAKAGE,False
24.61,12.71,4.71,344.0,1963.1,601.2,16.0,58.5,20.8,520.4,3,BORDER_SEWING_DEFECT,False
15.66,9.39,4.97,476.9,2133.5,580.3,40.5,60.3,22.8,551.3,0,YARN_BREAKAGE,False
16.54,15.78,3.67,333.3,1988.0,642.4,22.09,65.9,22.6,530.1,3,BORDER_SEWING_DEFECT,False
29.57,19.48,3.87,473.3,2551.2,706.9,25.8,61.7,28.2,647.1,2,JACQUARD_PATTERN_SHIFT,False
24.28,19.97,7.78,453.2,2325.8,645.4,16.97,42.1,31.6,562.4,1,OIL_STAIN,False
7.11,28.09,6.66,300.9,2348.1,715.4,65.47,52.3,43.9,401.6,-1,ANOMALOUS_NOISE,True
17.93,10.69,6.35,432.4,2384.9,551.6,38.84,59.5,22.5,557.2,0,YARN_BREAKAGE,False
25.22,18.38,6.51,440.8,2117.9,596.0,22.99,44.1,30.6,520.8,1,OIL_STAIN,False
18.08,8.28,3.35,442.4,2035.8,668.7,33.71,55.2,21.9,504.6,0,YARN_BREAKAGE,False
28.69,18.53,6.87,440.7,2126.3,649.4,22.43,45.4,32.0,492.9,1,OIL_STAIN,False
29.91,19.97,4.44,456.9,2555.1,711.0,21.91,59.1,23.2,582.2,2,JACQUARD_PATTERN_SHIFT,False
25.28,15.72,4.18,328.6,1936.7,551.1,22.74,68.4,22.7,501.6,3,BORDER_SEWING_DEFECT,False
26.18,22.22,7.61,435.6,2334.9,596.4,19.74,45.2,30.2,575.2,1,OIL_STAIN,False
